{
  "project_info": {
    "project_number": "981295723343",
    "firebase_url": "https://project-tt-750b7-default-rtdb.firebaseio.com",
    "project_id": "project-tt-750b7",
    "storage_bucket": "project-tt-750b7.appspot.com"
  },
  "client": [
    {
      "client_info": {
        "mobilesdk_app_id": "1:981295723343:android:582109ca04627d15e40b3a",
        "android_client_info": {
          "package_name": "com.tracker.pt20"
        }
      },
      "oauth_client": [
        {
          "client_id": "981295723343-moma5hg8796b4u8gb8gavdjl722t7b5f.apps.googleusercontent.com",
          "client_type": 3
        }
      ],
      "api_key": [
        {
          "current_key": "AIzaSyCCHZgmYynsiRLQGwOKwuEn_ATA3UoNgH8"
        }
      ],
      "services": {
        "appinvite_service": {
          "other_platform_oauth_client": [
            {
              "client_id": "981295723343-moma5hg8796b4u8gb8gavdjl722t7b5f.apps.googleusercontent.com",
              "client_type": 3
            }
          ]
        }
      }
    }
  ],
  "configuration_version": "1"
}